scenario,selection,defense,category,test_acc,test_asr,TPR,FPR,source_file
badnet_C_p0.03,forget,abl,model_repair,0.493,0.026222222222222223,,,2025_07_28_17_31_25.log
badnet_C_p0.03,forget,ac,sample_filter,0.8934,0.6565555555555556,,,2025_07_28_17_31_25.log
badnet_C_p0.03,forget,fp,model_repair,0.9203,0.37766666666666665,,,2025_07_28_17_31_19.log
badnet_C_p0.03,forget,fst,model_repair,0.9232,0.7026666666666667,,,log.txt
badnet_C_p0.03,forget,i-bau,model_repair,0.8798,0.26066666666666666,,,2025_07_28_17_31_25.log
badnet_C_p0.03,forget,nc,model_repair,0.9132,0.010333333333333333,,,2025_07_28_17_31_25.log
badnet_C_p0.03,forget,rnp,model_repair,0.62,0.8822222222222222,,,2025_07_28_17_51_51.log
badnet_C_p0.03,forget,scan,sample_filter,,,0.9946666666666667,0.0,detection_info.csv
badnet_C_p0.03,forget,strip,sample_filter,,,0.438,0.084,detection_info.csv
badnet_C_p0.03,random,abl,model_repair,0.4382,0.05511111111111111,,,2025_07_28_17_31_24.log
badnet_C_p0.03,random,ac,sample_filter,0.8999,0.2837777777777778,,,2025_07_28_17_31_25.log
badnet_C_p0.03,random,fp,model_repair,0.9234,0.2892222222222222,,,2025_07_28_17_31_20.log
badnet_C_p0.03,random,fst,model_repair,0.9278,0.5035555555555555,,,log.txt
badnet_C_p0.03,random,i-bau,model_repair,0.8983,0.07422222222222222,,,2025_07_28_17_31_25.log
badnet_C_p0.03,random,nc,model_repair,0.9158,0.010777777777777778,,,2025_07_28_17_31_25.log
badnet_C_p0.03,random,rnp,model_repair,0.4309,0.24055555555555555,,,2025_07_28_17_51_51.log
badnet_C_p0.03,random,scan,sample_filter,,,0.99,0.0,detection_info.csv
badnet_C_p0.03,random,strip,sample_filter,,,0.12166666666666667,0.083,detection_info.csv
badnet_C_p0.03,res_linear,abl,model_repair,0.5351,0.0,,,2025_07_28_17_31_25.log
badnet_C_p0.03,res_linear,ac,sample_filter,0.8937,0.658,,,2025_07_28_17_31_25.log
badnet_C_p0.03,res_linear,fp,model_repair,0.921,0.3641111111111111,,,2025_07_28_17_31_19.log
badnet_C_p0.03,res_linear,fst,model_repair,0.9178,0.8028888888888889,,,log.txt
badnet_C_p0.03,res_linear,i-bau,model_repair,0.8864,0.07422222222222222,,,2025_07_28_17_43_46.log
badnet_C_p0.03,res_linear,nc,model_repair,0.9085,0.013333333333333334,,,2025_07_28_17_31_25.log
badnet_C_p0.03,res_linear,rnp,model_repair,0.6031,0.4761111111111111,,,2025_07_28_17_51_51.log
badnet_C_p0.03,res_linear,scan,sample_filter,,,0.9966666666666667,0.0,detection_info.csv
badnet_C_p0.03,res_linear,strip,sample_filter,,,0.14922222222222223,0.078,detection_info.csv
badnet_C_p0.03,res_log,abl,model_repair,0.457,0.01611111111111111,,,2025_07_28_17_31_23.log
badnet_C_p0.03,res_log,ac,sample_filter,0.8918,0.6793333333333333,,,2025_07_28_17_31_25.log
badnet_C_p0.03,res_log,fp,model_repair,0.9227,0.5117777777777778,,,2025_07_28_17_31_19.log
badnet_C_p0.03,res_log,fst,model_repair,0.9152,0.864,,,log.txt
badnet_C_p0.03,res_log,i-bau,model_repair,0.853,0.035333333333333335,,,2025_07_28_17_43_47.log
badnet_C_p0.03,res_log,nc,model_repair,0.9092,0.011333333333333334,,,2025_07_28_17_31_25.log
badnet_C_p0.03,res_log,rnp,model_repair,0.2214,0.3022222222222222,,,2025_07_28_17_51_52.log
badnet_C_p0.03,res_log,scan,sample_filter,,,0.998,0.0,detection_info.csv
badnet_C_p0.03,res_log,strip,sample_filter,,,0.4806666666666667,0.071,detection_info.csv
badnet_C_p0.03,res_square,abl,model_repair,0.4605,0.0064444444444444445,,,2025_07_28_17_31_24.log
badnet_C_p0.03,res_square,ac,sample_filter,0.8921,0.6157777777777778,,,2025_07_28_17_31_25.log
badnet_C_p0.03,res_square,fp,model_repair,0.9227,0.5005555555555555,,,2025_07_28_17_31_19.log
badnet_C_p0.03,res_square,fst,model_repair,0.9168,0.8523333333333334,,,log.txt
badnet_C_p0.03,res_square,i-bau,model_repair,0.8572,0.14844444444444443,,,2025_07_28_17_31_24.log
badnet_C_p0.03,res_square,nc,model_repair,0.9297,0.812,,,2025_07_28_17_51_51.log
badnet_C_p0.03,res_square,rnp,model_repair,0.18,0.00022222222222222223,,,2025_07_28_17_51_51.log
badnet_C_p0.03,res_square,scan,sample_filter,,,0.998,0.0,detection_info.csv
badnet_C_p0.03,res_square,strip,sample_filter,,,0.5576666666666666,0.077,detection_info.csv
badnet_C_p0.03,stealth,abl,model_repair,0.5775,0.002,,,2025_07_28_17_31_25.log
badnet_C_p0.03,stealth,ac,sample_filter,0.8957,0.5183333333333333,,,2025_07_28_17_31_25.log
badnet_C_p0.03,stealth,fp,model_repair,0.9281,0.25866666666666666,,,2025_07_28_17_31_19.log
badnet_C_p0.03,stealth,fst,model_repair,0.9241,0.3721111111111111,,,log.txt
badnet_C_p0.03,stealth,i-bau,model_repair,0.9007,0.058666666666666666,,,2025_07_28_17_31_24.log
badnet_C_p0.03,stealth,nc,model_repair,0.934,0.5397777777777778,,,2025_07_28_17_51_51.log
badnet_C_p0.03,stealth,rnp,model_repair,0.5318,0.0,,,2025_07_28_17_51_51.log
badnet_C_p0.03,stealth,scan,sample_filter,,,0.9953333333333333,0.0,detection_info.csv
badnet_C_p0.03,stealth,strip,sample_filter,,,0.14133333333333334,0.062,detection_info.csv
badnet_p0.03,forget,abl,model_repair,0.4799,0.08388888888888889,,,2025_07_28_18_55_50.log
badnet_p0.03,forget,ac,sample_filter,0.8948,0.36277777777777775,,,2025_07_28_18_55_51.log
badnet_p0.03,forget,fp,model_repair,0.9199,0.30977777777777776,,,2025_07_28_18_55_45.log
badnet_p0.03,forget,fst,model_repair,0.918,0.5471111111111111,,,log.txt
badnet_p0.03,forget,i-bau,model_repair,0.8782,0.173,,,2025_07_28_18_55_50.log
badnet_p0.03,forget,nc,model_repair,0.931,0.529,,,2025_07_28_18_59_08.log
badnet_p0.03,forget,rnp,model_repair,0.4597,0.08777777777777777,,,2025_07_28_19_03_47.log
badnet_p0.03,forget,scan,sample_filter,,,0.892,4.1237113402061855e-05,detection_info.csv
badnet_p0.03,forget,strip,sample_filter,,,0.6977777777777778,0.135,detection_info.csv
badnet_p0.03,random,abl,model_repair,0.4038,0.0005555555555555556,,,2025_07_28_18_55_49.log
badnet_p0.03,random,ac,sample_filter,0.8995,0.1801111111111111,,,2025_07_28_18_55_50.log
badnet_p0.03,random,fp,model_repair,0.9216,0.144,,,2025_07_28_18_55_45.log
badnet_p0.03,random,fst,model_repair,0.9246,0.22011111111111112,,,log.txt
badnet_p0.03,random,i-bau,model_repair,0.8798,0.07966666666666666,,,2025_07_28_18_55_50.log
badnet_p0.03,random,nc,model_repair,0.9367,0.18777777777777777,,,2025_07_28_18_59_09.log
badnet_p0.03,random,rnp,model_repair,0.7988,0.10488888888888889,,,2025_07_28_19_03_46.log
badnet_p0.03,random,scan,sample_filter,,,0.8153333333333334,0.00010309278350515464,detection_info.csv
badnet_p0.03,random,strip,sample_filter,,,0.06655555555555556,0.114,detection_info.csv
badnet_p0.03,res_linear,abl,model_repair,0.549,0.04388888888888889,,,2025_07_28_18_55_50.log
badnet_p0.03,res_linear,ac,sample_filter,0.8898,0.43755555555555553,,,2025_07_28_18_55_50.log
badnet_p0.03,res_linear,fp,model_repair,0.9242,0.3532222222222222,,,2025_07_28_18_55_45.log
badnet_p0.03,res_linear,fst,model_repair,0.9247,0.5828888888888889,,,log.txt
badnet_p0.03,res_linear,i-bau,model_repair,0.8951,0.1481111111111111,,,2025_07_28_18_59_09.log
badnet_p0.03,res_linear,nc,model_repair,0.9351,0.5434444444444444,,,2025_07_28_18_59_08.log
badnet_p0.03,res_linear,rnp,model_repair,0.4038,0.11455555555555555,,,2025_07_28_19_03_47.log
badnet_p0.03,res_linear,scan,sample_filter,,,0.874,6.185567010309279e-05,detection_info.csv
badnet_p0.03,res_linear,strip,sample_filter,,,0.6433333333333333,0.114,detection_info.csv
badnet_p0.03,res_log,abl,model_repair,0.5568,0.054,,,2025_07_28_18_55_49.log
badnet_p0.03,res_log,ac,sample_filter,0.8931,0.4767777777777778,,,2025_07_28_18_55_50.log
badnet_p0.03,res_log,fp,model_repair,0.9165,0.3645555555555556,,,2025_07_28_18_55_45.log
badnet_p0.03,res_log,fst,model_repair,0.9187,0.6237777777777778,,,log.txt
badnet_p0.03,res_log,i-bau,model_repair,0.8825,0.27944444444444444,,,2025_07_28_18_59_09.log
badnet_p0.03,res_log,nc,model_repair,0.9275,0.5615555555555556,,,2025_07_28_18_59_09.log
badnet_p0.03,res_log,rnp,model_repair,0.5631,0.307,,,2025_07_28_19_03_47.log
badnet_p0.03,res_log,scan,sample_filter,,,0.8806666666666667,6.185567010309279e-05,detection_info.csv
badnet_p0.03,res_log,strip,sample_filter,,,0.6677777777777778,0.083,detection_info.csv
badnet_p0.03,res_square,abl,model_repair,0.5577,0.13966666666666666,,,2025_07_28_18_55_49.log
badnet_p0.03,res_square,ac,sample_filter,0.8932,0.46155555555555555,,,2025_07_28_18_55_51.log
badnet_p0.03,res_square,fp,model_repair,0.925,0.31022222222222223,,,2025_07_28_18_55_45.log
badnet_p0.03,res_square,fst,model_repair,0.9194,0.4822222222222222,,,log.txt
badnet_p0.03,res_square,i-bau,model_repair,0.9022,0.22144444444444444,,,2025_07_28_18_59_09.log
badnet_p0.03,res_square,nc,model_repair,0.9341,0.5413333333333333,,,2025_07_28_19_03_47.log
badnet_p0.03,res_square,rnp,model_repair,0.5677,0.36277777777777775,,,2025_07_28_19_05_14.log
badnet_p0.03,res_square,scan,sample_filter,,,0.88,2.0618556701030927e-05,detection_info.csv
badnet_p0.03,res_square,strip,sample_filter,,,0.7521111111111111,0.118,detection_info.csv
badnet_p0.03,stealth,abl,model_repair,0.3909,0.034888888888888886,,,2025_07_28_18_55_50.log
badnet_p0.03,stealth,ac,sample_filter,0.896,0.25577777777777777,,,2025_07_28_18_55_50.log
badnet_p0.03,stealth,fp,model_repair,0.9216,0.20177777777777778,,,2025_07_28_18_55_45.log
badnet_p0.03,stealth,fst,model_repair,0.9211,0.40544444444444444,,,log.txt
badnet_p0.03,stealth,i-bau,model_repair,0.8826,0.325,,,2025_07_28_18_59_09.log
badnet_p0.03,stealth,nc,model_repair,0.9345,0.37877777777777777,,,2025_07_28_19_03_47.log
badnet_p0.03,stealth,rnp,model_repair,0.6934,0.3492222222222222,,,2025_07_28_19_05_14.log
badnet_p0.03,stealth,scan,sample_filter,,,0.8166666666666667,6.185567010309279e-05,detection_info.csv
badnet_p0.03,stealth,strip,sample_filter,,,0.35288888888888886,0.112,detection_info.csv
blend_C_p0.03,forget,abl,model_repair,0.5358,0.019,,,2025_07_28_19_17_04.log
blend_C_p0.03,forget,ac,sample_filter,0.8992,0.8478888888888889,,,2025_07_28_19_17_04.log
blend_C_p0.03,forget,fp,model_repair,0.9273,0.956,,,2025_07_28_19_25_30.log
blend_C_p0.03,forget,fst,model_repair,0.919,0.8,,,log.txt
blend_C_p0.03,forget,i-bau,model_repair,0.8482,0.7645555555555555,,,2025_07_28_19_29_22.log
blend_C_p0.03,forget,nc,model_repair,0.9318,0.9161111111111111,,,2025_07_28_19_33_08.log
blend_C_p0.03,forget,rnp,model_repair,0.2704,0.0007777777777777777,,,2025_07_28_19_34_03.log
blend_C_p0.03,forget,scan,sample_filter,,,0.99,2.0618556701030927e-05,detection_info.csv
blend_C_p0.03,forget,strip,sample_filter,,,0.051444444444444445,0.078,detection_info.csv
blend_C_p0.03,random,abl,model_repair,0.5784,0.06133333333333333,,,2025_07_28_19_17_03.log
blend_C_p0.03,random,ac,sample_filter,0.8969,0.6291111111111111,,,2025_07_28_19_17_05.log
blend_C_p0.03,random,fp,model_repair,0.9235,0.7447777777777778,,,2025_07_28_19_25_30.log
blend_C_p0.03,random,fst,model_repair,0.9261,0.6422222222222222,,,log.txt
blend_C_p0.03,random,i-bau,model_repair,0.88,0.482,,,2025_07_28_19_29_22.log
blend_C_p0.03,random,nc,model_repair,0.9386,0.7476666666666667,,,2025_07_28_19_33_08.log
blend_C_p0.03,random,rnp,model_repair,0.3337,0.0,,,2025_07_28_19_34_03.log
blend_C_p0.03,random,scan,sample_filter,,,0.9553333333333334,0.0,detection_info.csv
blend_C_p0.03,random,strip,sample_filter,,,0.009111111111111111,0.083,detection_info.csv
blend_C_p0.03,res_linear,abl,model_repair,0.3911,0.007222222222222222,,,2025_07_28_19_17_04.log
blend_C_p0.03,res_linear,ac,sample_filter,0.8918,0.9388888888888889,,,2025_07_28_19_25_37.log
blend_C_p0.03,res_linear,fp,model_repair,0.9249,0.9473333333333334,,,2025_07_28_19_29_16.log
blend_C_p0.03,res_linear,fst,model_repair,0.9186,0.8797777777777778,,,log.txt
blend_C_p0.03,res_linear,i-bau,model_repair,0.8718,0.2956666666666667,,,2025_07_28_19_29_22.log
blend_C_p0.03,res_linear,nc,model_repair,0.9316,0.9392222222222222,,,2025_07_28_19_33_08.log
blend_C_p0.03,res_linear,rnp,model_repair,0.0769,0.004111111111111111,,,2025_07_28_19_35_54.log
blend_C_p0.03,res_linear,scan,sample_filter,,,0.9786666666666667,0.0,detection_info.csv
blend_C_p0.03,res_linear,strip,sample_filter,,,0.09722222222222222,0.076,detection_info.csv
blend_C_p0.03,res_log,abl,model_repair,0.4331,0.018444444444444444,,,2025_07_28_19_17_03.log
blend_C_p0.03,res_log,ac,sample_filter,0.8905,0.8945555555555555,,,2025_07_28_19_25_37.log
blend_C_p0.03,res_log,fp,model_repair,0.9259,0.9852222222222222,,,2025_07_28_19_29_16.log
blend_C_p0.03,res_log,fst,model_repair,0.9214,0.8965555555555556,,,log.txt
blend_C_p0.03,res_log,i-bau,model_repair,0.8573,0.35844444444444445,,,2025_07_28_19_29_21.log
blend_C_p0.03,res_log,nc,model_repair,0.9328,0.9597777777777777,,,2025_07_28_19_34_03.log
blend_C_p0.03,res_log,rnp,model_repair,0.5145,0.5546666666666666,,,2025_07_28_19_35_54.log
blend_C_p0.03,res_log,scan,sample_filter,,,0.9826666666666667,0.0,detection_info.csv
blend_C_p0.03,res_log,strip,sample_filter,,,0.1388888888888889,0.104,detection_info.csv
blend_C_p0.03,res_square,abl,model_repair,0.5443,0.015555555555555555,,,2025_07_28_19_17_04.log
blend_C_p0.03,res_square,ac,sample_filter,0.8923,0.9181111111111111,,,2025_07_28_19_25_37.log
blend_C_p0.03,res_square,fp,model_repair,0.9248,0.9755555555555555,,,2025_07_28_19_29_17.log
blend_C_p0.03,res_square,fst,model_repair,0.9202,0.909,,,log.txt
blend_C_p0.03,res_square,i-bau,model_repair,0.8774,0.4608888888888889,,,2025_07_28_19_30_43.log
blend_C_p0.03,res_square,nc,model_repair,0.9103,0.7306666666666667,,,2025_07_28_19_34_02.log
blend_C_p0.03,res_square,rnp,model_repair,0.6682,0.9731111111111111,,,2025_07_28_19_37_31.log
blend_C_p0.03,res_square,scan,sample_filter,,,0.9786666666666667,0.0,detection_info.csv
blend_C_p0.03,res_square,strip,sample_filter,,,0.2727777777777778,0.067,detection_info.csv
blend_C_p0.03,stealth,abl,model_repair,0.5884,0.08911111111111111,,,2025_07_28_19_17_03.log
blend_C_p0.03,stealth,ac,sample_filter,0.8983,0.8548888888888889,,,2025_07_28_19_25_37.log
blend_C_p0.03,stealth,fp,model_repair,0.9228,0.9284444444444444,,,2025_07_28_19_29_16.log
blend_C_p0.03,stealth,fst,model_repair,0.9253,0.8428888888888889,,,log.txt
blend_C_p0.03,stealth,i-bau,model_repair,0.8692,0.21966666666666668,,,2025_07_28_19_33_08.log
blend_C_p0.03,stealth,nc,model_repair,0.9367,0.9098888888888889,,,2025_07_28_19_34_03.log
blend_C_p0.03,stealth,rnp,model_repair,0.606,0.7168888888888889,,,2025_07_28_19_37_31.log
blend_C_p0.03,stealth,scan,sample_filter,,,0.9813333333333333,0.0,detection_info.csv
blend_C_p0.03,stealth,strip,sample_filter,,,0.018555555555555554,0.09,detection_info.csv
blend_p0.03,forget,abl,model_repair,0.598,0.09166666666666666,,,2025_07_28_20_31_36.log
blend_p0.03,forget,ac,sample_filter,0.8948,0.7322222222222222,,,2025_07_28_20_31_37.log
blend_p0.03,forget,fp,model_repair,0.9267,0.6351111111111111,,,2025_07_28_20_31_32.log
blend_p0.03,forget,fst,model_repair,0.9226,0.6408888888888888,,,log.txt
blend_p0.03,forget,i-bau,model_repair,0.8564,0.07033333333333333,,,2025_07_28_20_31_37.log
blend_p0.03,forget,nc,model_repair,0.9328,0.761,,,2025_07_28_21_00_40.log
blend_p0.03,forget,rnp,model_repair,0.2704,0.00011111111111111112,,,2025_07_28_21_00_41.log
blend_p0.03,forget,scan,sample_filter,,,0.96,0.0,detection_info.csv
blend_p0.03,forget,strip,sample_filter,,,0.02422222222222222,0.096,detection_info.csv
blend_p0.03,random,abl,model_repair,0.6129,0.15055555555555555,,,2025_07_28_20_31_38.log
blend_p0.03,random,ac,sample_filter,0.8936,0.5237777777777778,,,2025_07_28_20_31_38.log
blend_p0.03,random,fp,model_repair,0.9261,0.3983333333333333,,,2025_07_28_20_31_32.log
blend_p0.03,random,fst,model_repair,0.9254,0.428,,,log.txt
blend_p0.03,random,i-bau,model_repair,0.8832,0.2826666666666667,,,2025_07_28_20_31_38.log
blend_p0.03,random,nc,model_repair,0.9374,0.5764444444444444,,,2025_07_28_21_00_40.log
blend_p0.03,random,rnp,model_repair,0.6013,0.2707777777777778,,,2025_07_28_21_00_41.log
blend_p0.03,random,scan,sample_filter,,,0.9126666666666666,0.0,detection_info.csv
blend_p0.03,random,strip,sample_filter,,,0.011111111111111112,0.065,detection_info.csv
blend_p0.03,res_linear,abl,model_repair,0.5668,0.021777777777777778,,,2025_07_28_20_31_37.log
blend_p0.03,res_linear,ac,sample_filter,0.891,0.7173333333333334,,,2025_07_28_20_31_37.log
blend_p0.03,res_linear,fp,model_repair,0.9237,0.5865555555555556,,,2025_07_28_20_31_31.log
blend_p0.03,res_linear,fst,model_repair,0.9184,0.6917777777777778,,,log.txt
blend_p0.03,res_linear,i-bau,model_repair,0.8814,0.1661111111111111,,,2025_07_28_20_31_38.log
blend_p0.03,res_linear,nc,model_repair,0.8962,0.19477777777777777,,,2025_07_28_21_00_40.log
blend_p0.03,res_linear,rnp,model_repair,0.3307,0.0022222222222222222,,,2025_07_28_21_00_41.log
blend_p0.03,res_linear,scan,sample_filter,,,0.9593333333333334,0.0,detection_info.csv
blend_p0.03,res_linear,strip,sample_filter,,,0.04933333333333333,0.079,detection_info.csv
blend_p0.03,res_log,abl,model_repair,0.5391,0.03877777777777778,,,2025_07_28_20_31_38.log
blend_p0.03,res_log,ac,sample_filter,0.8934,0.7693333333333333,,,2025_07_28_20_31_37.log
blend_p0.03,res_log,fp,model_repair,0.9239,0.643,,,2025_07_28_20_31_32.log
blend_p0.03,res_log,fst,model_repair,0.919,0.695,,,log.txt
blend_p0.03,res_log,i-bau,model_repair,0.8721,0.20044444444444445,,,2025_07_28_20_31_38.log
blend_p0.03,res_log,nc,model_repair,0.9306,0.7488888888888889,,,2025_07_28_21_00_40.log
blend_p0.03,res_log,rnp,model_repair,0.4775,0.36144444444444446,,,2025_07_28_21_00_40.log
blend_p0.03,res_log,scan,sample_filter,,,0.9506666666666667,0.0,detection_info.csv
blend_p0.03,res_log,strip,sample_filter,,,0.03977777777777778,0.078,detection_info.csv
blend_p0.03,res_square,abl,model_repair,0.4729,0.021222222222222222,,,2025_07_28_20_31_36.log
blend_p0.03,res_square,ac,sample_filter,0.8947,0.766,,,2025_07_28_20_31_37.log
blend_p0.03,res_square,fp,model_repair,0.9226,0.5746666666666667,,,2025_07_28_20_31_32.log
blend_p0.03,res_square,fst,model_repair,0.9156,0.6702222222222223,,,log.txt
blend_p0.03,res_square,i-bau,model_repair,0.8666,0.1461111111111111,,,2025_07_28_21_00_40.log
blend_p0.03,res_square,nc,model_repair,0.9297,0.7791111111111111,,,2025_07_28_21_00_40.log
blend_p0.03,res_square,rnp,model_repair,0.5836,0.010888888888888889,,,2025_07_28_21_00_40.log
blend_p0.03,res_square,scan,sample_filter,,,0.9806666666666667,0.0,detection_info.csv
blend_p0.03,res_square,strip,sample_filter,,,0.032,0.091,detection_info.csv
blend_p0.03,stealth,abl,model_repair,0.5851,0.03388888888888889,,,2025_07_28_20_31_38.log
blend_p0.03,stealth,ac,sample_filter,0.8943,0.6774444444444444,,,2025_07_28_20_31_38.log
blend_p0.03,stealth,fp,model_repair,0.9236,0.6006666666666667,,,2025_07_28_20_31_32.log
blend_p0.03,stealth,fst,model_repair,0.926,0.586,,,log.txt
blend_p0.03,stealth,i-bau,model_repair,0.8879,0.14333333333333334,,,2025_07_28_21_00_40.log
blend_p0.03,stealth,nc,model_repair,0.935,0.7171111111111111,,,2025_07_28_21_00_40.log
blend_p0.03,stealth,rnp,model_repair,0.4463,0.1968888888888889,,,2025_07_28_21_00_40.log
blend_p0.03,stealth,scan,sample_filter,,,0.9533333333333334,0.0,detection_info.csv
blend_p0.03,stealth,strip,sample_filter,,,0.01911111111111111,0.085,detection_info.csv
blend_p0.05,forget,abl,model_repair,0.9091,0.5084444444444445,,,2025_07_26_11_38_42.log
blend_p0.05,forget,ac,sample_filter,0.89,0.6544444444444445,,,2025_07_26_11_38_42.log
blend_p0.05,forget,fp,model_repair,0.9214,0.4071111111111111,,,2025_07_26_12_40_39.log
blend_p0.05,forget,i-bau,model_repair,0.8628,0.09733333333333333,,,2025_07_26_12_40_44.log
blend_p0.05,forget,nc,model_repair,0.9247,0.7186666666666667,,,2025_07_26_12_40_45.log
blend_p0.05,forget,rnp,model_repair,0.194,0.0,,,2025_07_26_12_40_45.log
blend_p0.05,forget,strip,sample_filter,,,0.014444444444444444,0.059,detection_info.csv
blend_p0.05,random,abl,model_repair,0.917,0.4043333333333333,,,2025_07_26_11_38_42.log
blend_p0.05,random,ac,sample_filter,0.896,0.47244444444444444,,,2025_07_26_11_38_42.log
blend_p0.05,random,fp,model_repair,0.9241,0.4018888888888889,,,2025_07_26_12_40_38.log
blend_p0.05,random,i-bau,model_repair,0.8678,0.09544444444444444,,,2025_07_26_12_40_43.log
blend_p0.05,random,nc,model_repair,0.9332,0.5273333333333333,,,2025_07_26_12_40_45.log
blend_p0.05,random,rnp,model_repair,0.4742,0.0,,,2025_07_26_12_40_45.log
blend_p0.05,random,strip,sample_filter,,,0.029111111111111112,0.102,detection_info.csv
blend_p0.05,res_linear,abl,model_repair,0.9021,0.5143333333333333,,,2025_07_26_11_38_42.log
blend_p0.05,res_linear,ac,sample_filter,0.8809,0.6702222222222223,,,2025_07_26_11_38_42.log
blend_p0.05,res_linear,fp,model_repair,0.9239,0.4748888888888889,,,2025_07_26_12_40_38.log
blend_p0.05,res_linear,i-bau,model_repair,0.8777,0.10155555555555555,,,2025_07_26_12_40_44.log
blend_p0.05,res_linear,nc,model_repair,0.9113,0.5403333333333333,,,2025_07_26_12_40_45.log
blend_p0.05,res_linear,rnp,model_repair,0.4081,0.00022222222222222223,,,2025_07_26_12_40_44.log
blend_p0.05,res_linear,strip,sample_filter,,,0.051111111111111114,0.106,detection_info.csv
blend_p0.05,res_log,abl,model_repair,0.9052,0.6364444444444445,,,2025_07_26_11_38_42.log
blend_p0.05,res_log,ac,sample_filter,0.886,0.6893333333333334,,,2025_07_26_11_38_42.log
blend_p0.05,res_log,fp,model_repair,0.9233,0.5084444444444445,,,2025_07_26_12_40_38.log
blend_p0.05,res_log,i-bau,model_repair,0.8718,0.033555555555555554,,,2025_07_26_12_40_44.log
blend_p0.05,res_log,nc,model_repair,0.8946,0.4457777777777778,,,2025_07_26_12_40_45.log
blend_p0.05,res_log,rnp,model_repair,0.6129,0.0,,,2025_07_26_12_40_43.log
blend_p0.05,res_log,strip,sample_filter,,,0.02322222222222222,0.07,detection_info.csv
blend_p0.05,res_square,abl,model_repair,0.907,0.6097777777777778,,,2025_07_26_11_38_41.log
blend_p0.05,res_square,ac,sample_filter,0.8881,0.6393333333333333,,,2025_07_26_11_38_42.log
blend_p0.05,res_square,fp,model_repair,0.9184,0.414,,,2025_07_26_12_40_38.log
blend_p0.05,res_square,i-bau,model_repair,0.8802,0.115,,,2025_07_26_12_40_44.log
blend_p0.05,res_square,nc,model_repair,0.9049,0.4915555555555556,,,2025_07_26_12_40_43.log
blend_p0.05,res_square,rnp,model_repair,0.3585,0.0,,,2025_07_26_12_40_45.log
blend_p0.05,res_square,strip,sample_filter,,,0.028777777777777777,0.067,detection_info.csv
ctrl_p0.03,forget,abl,model_repair,0.9163,0.5744444444444444,,,2025_07_26_13_00_27.log
ctrl_p0.03,forget,ac,sample_filter,0.8969,0.936,,,2025_07_26_13_02_55.log
ctrl_p0.03,forget,fp,model_repair,0.9234,0.9744444444444444,,,2025_07_26_13_10_38.log
ctrl_p0.03,forget,fst,model_repair,0.9228,0.8874444444444445,,,log.txt
ctrl_p0.03,forget,i-bau,model_repair,0.8779,0.9808888888888889,,,2025_07_26_17_31_07.log
ctrl_p0.03,forget,nc,model_repair,0.9304,0.9572222222222222,,,2025_07_26_13_26_41.log
ctrl_p0.03,forget,rnp,model_repair,0.5677,0.422,,,2025_07_26_13_34_51.log
ctrl_p0.03,forget,scan,sample_filter,,,0.9766666666666667,0.0,detection_info.csv
ctrl_p0.03,forget,strip,sample_filter,,,0.5198888888888888,0.069,detection_info.csv
ctrl_p0.03,random,abl,model_repair,0.9238,0.6647777777777778,,,2025_07_26_13_00_27.log
ctrl_p0.03,random,ac,sample_filter,0.8965,0.8423333333333334,,,2025_07_26_13_02_53.log
ctrl_p0.03,random,fp,model_repair,0.9307,0.9491111111111111,,,2025_07_26_13_10_37.log
ctrl_p0.03,random,fst,model_repair,0.9241,0.9361111111111111,,,log.txt
ctrl_p0.03,random,i-bau,model_repair,0.9116,0.39455555555555555,,,2025_07_26_13_11_45.log
ctrl_p0.03,random,nc,model_repair,0.9144,0.01,,,2025_07_26_13_26_41.log
ctrl_p0.03,random,rnp,model_repair,0.3171,0.2627777777777778,,,2025_07_26_13_34_51.log
ctrl_p0.03,random,scan,sample_filter,,,0.9453333333333334,0.0,detection_info.csv
ctrl_p0.03,random,strip,sample_filter,,,0.5186666666666667,0.084,detection_info.csv
ctrl_p0.03,res_linear,abl,model_repair,0.9131,0.8467777777777777,,,2025_07_26_13_00_26.log
ctrl_p0.03,res_linear,ac,sample_filter,0.895,0.8957777777777778,,,2025_07_26_13_02_54.log
ctrl_p0.03,res_linear,fp,model_repair,0.9229,0.9924444444444445,,,2025_07_26_13_10_38.log
ctrl_p0.03,res_linear,fst,model_repair,0.9191,0.9868888888888889,,,log.txt
ctrl_p0.03,res_linear,i-bau,model_repair,0.8802,0.45855555555555555,,,2025_07_26_13_11_46.log
ctrl_p0.03,res_linear,nc,model_repair,0.9055,0.011333333333333334,,,2025_07_26_13_26_41.log
ctrl_p0.03,res_linear,rnp,model_repair,0.6023,0.3586666666666667,,,2025_07_26_13_34_51.log
ctrl_p0.03,res_linear,scan,sample_filter,,,0.97,0.0,detection_info.csv
ctrl_p0.03,res_linear,strip,sample_filter,,,0.7552222222222222,0.106,detection_info.csv
ctrl_p0.03,res_log,abl,model_repair,0.9183,0.8585555555555555,,,2025_07_26_13_00_27.log
ctrl_p0.03,res_log,ac,sample_filter,0.8931,0.9102222222222223,,,2025_07_26_13_02_54.log
ctrl_p0.03,res_log,fp,model_repair,0.9207,0.9777777777777777,,,2025_07_26_13_10_37.log
ctrl_p0.03,res_log,fst,model_repair,0.9208,0.9744444444444444,,,log.txt
ctrl_p0.03,res_log,i-bau,model_repair,0.8831,0.6573333333333333,,,2025_07_26_13_11_46.log
ctrl_p0.03,res_log,nc,model_repair,0.9013,0.013,,,2025_07_26_13_26_41.log
ctrl_p0.03,res_log,rnp,model_repair,0.5397,0.8486666666666667,,,2025_07_26_13_34_51.log
ctrl_p0.03,res_log,scan,sample_filter,,,0.9686666666666667,0.0,detection_info.csv
ctrl_p0.03,res_log,strip,sample_filter,,,0.7992222222222222,0.098,detection_info.csv
ctrl_p0.03,res_square,abl,model_repair,0.9108,0.7295555555555555,,,2025_07_26_13_00_27.log
ctrl_p0.03,res_square,ac,sample_filter,0.8899,0.8985555555555556,,,2025_07_26_13_02_55.log
ctrl_p0.03,res_square,fp,model_repair,0.9207,0.9867777777777778,,,2025_07_26_13_10_38.log
ctrl_p0.03,res_square,fst,model_repair,0.918,0.972,,,log.txt
ctrl_p0.03,res_square,i-bau,model_repair,0.8855,0.403,,,2025_07_26_13_11_46.log
ctrl_p0.03,res_square,nc,model_repair,0.9336,0.9481111111111111,,,2025_07_26_13_26_41.log
ctrl_p0.03,res_square,rnp,model_repair,0.2455,0.3917777777777778,,,2025_07_26_13_34_51.log
ctrl_p0.03,res_square,scan,sample_filter,,,0.964,0.0,detection_info.csv
ctrl_p0.03,res_square,strip,sample_filter,,,0.442,0.089,detection_info.csv
sig_p0.03,forget,abl,model_repair,0.4088,0.0035555555555555557,,,2025_07_26_15_04_37.log
sig_p0.03,forget,ac,sample_filter,0.8916,0.9646666666666667,,,2025_07_26_15_07_22.log
sig_p0.03,forget,fp,model_repair,0.9189,0.758,,,2025_07_26_15_08_49.log
sig_p0.03,forget,fst,model_repair,0.9192,0.8688888888888889,,,log.txt
sig_p0.03,forget,i-bau,model_repair,0.8679,0.177,,,2025_07_26_15_08_55.log
sig_p0.03,forget,nc,model_repair,0.9315,0.9651111111111111,,,2025_07_26_15_11_41.log
sig_p0.03,forget,rnp,model_repair,0.5627,0.9054444444444445,,,2025_07_26_15_11_40.log
sig_p0.03,forget,scan,sample_filter,,,0.98,0.0,detection_info.csv
sig_p0.03,forget,strip,sample_filter,,,0.9378888888888889,0.09,detection_info.csv
sig_p0.03,random,abl,model_repair,0.4058,0.004111111111111111,,,2025_07_26_15_04_37.log
sig_p0.03,random,ac,sample_filter,0.8944,0.9353333333333333,,,2025_07_26_15_07_22.log
sig_p0.03,random,fp,model_repair,0.9161,0.6155555555555555,,,2025_07_26_15_08_49.log
sig_p0.03,random,fst,model_repair,0.9243,0.512,,,log.txt
sig_p0.03,random,i-bau,model_repair,0.8833,0.08911111111111111,,,2025_07_26_15_08_54.log
sig_p0.03,random,nc,model_repair,0.9364,0.9416666666666667,,,2025_07_26_15_11_41.log
sig_p0.03,random,rnp,model_repair,0.6345,0.0,,,2025_07_26_15_11_41.log
sig_p0.03,random,scan,sample_filter,,,0.98,0.0,detection_info.csv
sig_p0.03,random,strip,sample_filter,,,0.8241111111111111,0.068,detection_info.csv
sig_p0.03,res_linear,abl,model_repair,0.4028,0.00011111111111111112,,,2025_07_26_15_05_24.log
sig_p0.03,res_linear,ac,sample_filter,0.8924,0.9745555555555555,,,2025_07_26_15_07_22.log
sig_p0.03,res_linear,fp,model_repair,0.925,0.8693333333333333,,,2025_07_26_15_08_50.log
sig_p0.03,res_linear,fst,model_repair,0.9229,0.8153333333333334,,,log.txt
sig_p0.03,res_linear,i-bau,model_repair,0.879,0.4242222222222222,,,2025_07_26_15_08_54.log
sig_p0.03,res_linear,nc,model_repair,0.9332,0.9723333333333334,,,2025_07_26_15_11_41.log
sig_p0.03,res_linear,rnp,model_repair,0.33,0.0,,,2025_07_26_15_11_41.log
sig_p0.03,res_linear,scan,sample_filter,,,0.99,0.0,detection_info.csv
sig_p0.03,res_linear,strip,sample_filter,,,0.9573333333333334,0.063,detection_info.csv
sig_p0.03,res_log,abl,model_repair,0.4645,0.0,,,2025_07_26_15_05_23.log
sig_p0.03,res_log,ac,sample_filter,0.8888,0.9685555555555555,,,2025_07_26_15_07_22.log
sig_p0.03,res_log,fp,model_repair,0.9228,0.8047777777777778,,,2025_07_26_15_08_49.log
sig_p0.03,res_log,fst,model_repair,0.9187,0.8897777777777778,,,log.txt
sig_p0.03,res_log,i-bau,model_repair,0.8713,0.07844444444444444,,,2025_07_26_15_08_54.log
sig_p0.03,res_log,nc,model_repair,0.9301,0.9713333333333334,,,2025_07_26_15_11_40.log
sig_p0.03,res_log,rnp,model_repair,0.3787,0.0,,,2025_07_26_15_11_41.log
sig_p0.03,res_log,scan,sample_filter,,,0.9733333333333334,0.0,detection_info.csv
sig_p0.03,res_log,strip,sample_filter,,,0.964,0.051,detection_info.csv
sig_p0.03,res_square,abl,model_repair,0.4929,0.00011111111111111112,,,2025_07_26_15_05_24.log
sig_p0.03,res_square,ac,sample_filter,0.8928,0.9598888888888889,,,2025_07_26_15_07_22.log
sig_p0.03,res_square,fp,model_repair,0.9213,0.8836666666666667,,,2025_07_26_15_08_49.log
sig_p0.03,res_square,fst,model_repair,0.9187,0.7075555555555556,,,log.txt
sig_p0.03,res_square,i-bau,model_repair,0.8812,0.12344444444444444,,,2025_07_26_15_08_54.log
sig_p0.03,res_square,nc,model_repair,0.9296,0.9795555555555555,,,2025_07_26_15_11_41.log
sig_p0.03,res_square,rnp,model_repair,0.4839,0.0,,,2025_07_26_15_11_41.log
sig_p0.03,res_square,scan,sample_filter,,,0.9926666666666667,0.0,detection_info.csv
sig_p0.03,res_square,strip,sample_filter,,,0.9813333333333333,0.092,detection_info.csv
