file_tag,run,dataset,L2,seed,ASR,BA,L2_meas,SSIM,DCT,AC_AUC,SS_AUC,STRIP_TPR5,FP_ASR@0.9
cifar10_v4,cifar10_l2_0.9_seed1,cifar10,0.9,1,72.72,94.76,0.895,0.9791,0.0103,0.376,0.429,0.01,67.1
cifar10_v4,cifar10_l2_0.9_seed2,cifar10,0.9,2,78.87,94.8,0.895,0.982,0.0108,0.313,0.43,0.008,80.2
cifar10_v4,cifar10_l2_0.9_seed3,cifar10,0.9,3,76.69,94.79,0.894,0.9814,0.0106,0.307,0.455,0.002,73.8
cifar10_v4,cifar10_l2_1.2_seed1,cifar10,1.2,1,89.85,94.66,1.191,0.9673,0.0141,0.389,0.441,0.0,85.9
cifar10_v4,cifar10_l2_1.2_seed2,cifar10,1.2,2,87.89,94.7,1.191,0.9672,0.014,0.291,0.432,0.002,86.6
cifar10_v4,cifar10_l2_1.2_seed3,cifar10,1.2,3,88.05,94.8,1.191,0.9665,0.0138,0.424,0.491,0.006,86.8
cifar10_v4,cifar10_l2_1.5_seed1,cifar10,1.5,1,96.25,94.58,1.49,0.95,0.0168,0.221,0.449,0.056,96.7
cifar10_v4,cifar10_l2_1.5_seed2,cifar10,1.5,2,92.38,94.89,1.487,0.95,0.0169,0.289,0.409,0.018,91.9
cifar10_v4,cifar10_l2_1.5_seed3,cifar10,1.5,3,92.17,94.79,1.49,0.9497,0.017,0.24,0.44,0.046,91.4
cifar10_v4,gtsrb_l2_2.5_seed1,gtsrb,2.5,1,69.19,99.96,2.452,0.8024,0.0269,0.728,0.841,0.236,76.5
cifar10_v4,gtsrb_l2_2.5_seed2,gtsrb,2.5,2,63.16,99.92,2.448,0.8053,0.0265,0.662,0.795,0.208,67.3
cifar10_v4,gtsrb_l2_2.5_seed3,gtsrb,2.5,3,61.06,99.95,2.444,0.8072,0.0268,0.747,0.725,0.206,64.1
cifar10_v4,gtsrb_l2_3.0_seed1,gtsrb,3.0,1,70.66,99.9,2.918,0.7613,0.0312,0.731,0.727,0.232,76.5
cifar10_v4,gtsrb_l2_3.0_seed2,gtsrb,3.0,2,73.93,99.91,2.922,0.7614,0.032,0.735,0.756,0.4,77.6
cifar10_v4,gtsrb_l2_3.0_seed3,gtsrb,3.0,3,69.89,99.92,2.919,0.7612,0.0319,0.7,0.716,0.142,71.8
cifar10_v4,gtsrb_l2_3.5_seed1,gtsrb,3.5,1,86.17,99.89,3.38,0.7255,0.0377,0.718,0.737,0.464,93.4
cifar10_v4,gtsrb_l2_3.5_seed2,gtsrb,3.5,2,79.66,99.82,3.389,0.7172,0.0375,0.795,0.726,0.36,82.8
cifar10_v4,gtsrb_l2_3.5_seed3,gtsrb,3.5,3,82.36,99.83,3.395,0.718,0.0387,0.759,0.748,0.292,86.4
cifar100_v6,cifar100_l2_1.5_seed1,cifar100,1.5,1,98.92,77.2,1.474,0.9494,0.0154,0.003,0.184,0.666,96.5
cifar100_v6,cifar100_l2_1.5_seed2,cifar100,1.5,2,99.23,76.94,1.475,0.9493,0.0158,0.008,0.206,0.76,95.2
cifar100_v6,cifar100_l2_1.5_seed3,cifar100,1.5,3,99.03,77.14,1.475,0.9481,0.0166,0.01,0.233,0.382,77.9
cifar100_v6,cifar100_l2_2.0_seed1,cifar100,2.0,1,99.57,77.21,1.961,0.9187,0.0218,0.006,0.205,0.742,99.6
cifar100_v6,cifar100_l2_2.0_seed2,cifar100,2.0,2,99.37,77.67,1.962,0.9201,0.0219,0.007,0.191,0.808,98.2
cifar100_v6,cifar100_l2_2.0_seed3,cifar100,2.0,3,99.73,76.88,1.963,0.9186,0.0215,0.006,0.203,0.3,0.0
cifar100_v6,cifar100_l2_2.5_seed1,cifar100,2.5,1,99.79,76.67,2.443,0.8877,0.0275,0.007,0.223,0.87,99.8
cifar100_v6,cifar100_l2_2.5_seed2,cifar100,2.5,2,99.47,77.27,2.446,0.8879,0.0276,0.009,0.219,0.656,96.3
cifar100_v6,cifar100_l2_2.5_seed3,cifar100,2.5,3,99.54,76.91,2.447,0.8875,0.0274,0.008,0.195,0.618,92.9
cifar100_v6c,cifar100_l2_1.5_seed1_p05,cifar100,1.5,1,97.18,77.85,1.474,0.9494,0.0154,0.023,0.246,0.044,98.8
cifar100_v6c,cifar100_l2_1.5_seed2_p05,cifar100,1.5,2,96.01,78.16,1.475,0.9493,0.0158,0.026,0.27,0.124,96.4
cifar100_v6c,cifar100_l2_1.5_seed3_p05,cifar100,1.5,3,97.3,77.63,1.475,0.9481,0.0166,0.027,0.269,0.152,22.0
cifar100_v6c,cifar100_l2_2.0_seed1_p05,cifar100,2.0,1,97.64,76.47,1.961,0.9187,0.0218,0.031,0.293,0.094,95.8
cifar100_v6c,cifar100_l2_2.0_seed2_p05,cifar100,2.0,2,98.72,78.33,1.962,0.9201,0.0219,0.02,0.233,0.18,99.2
cifar100_v6c,cifar100_l2_2.0_seed3_p05,cifar100,2.0,3,99.06,78.1,1.963,0.9186,0.0215,0.015,0.213,0.188,97.6
cifar100_v6c,cifar100_l2_2.5_seed1_p05,cifar100,2.5,1,99.56,77.51,2.443,0.8877,0.0275,0.014,0.234,0.206,97.7
cifar100_v6c,cifar100_l2_2.5_seed2_p05,cifar100,2.5,2,99.45,77.9,2.446,0.8879,0.0276,0.029,0.258,0.23,98.9
cifar100_v6c,cifar100_l2_2.5_seed3_p05,cifar100,2.5,3,99.11,78.17,2.447,0.8875,0.0274,0.013,0.215,0.136,99.0
tiny_v7,tiny_l2_1.5_seed1_p025,tiny,1.5,1,92.18,55.2,1.481,0.952,0.016,0.012,0.259,0.008,23.1
tiny_v7,tiny_l2_1.5_seed2_p025,tiny,1.5,2,95.68,54.82,1.481,0.9521,0.0161,0.004,0.241,0.086,55.7
tiny_v7,tiny_l2_1.5_seed3_p025,tiny,1.5,3,91.06,54.98,1.482,0.9521,0.0171,0.009,0.295,0.018,36.9
tiny_v7,tiny_l2_2.0_seed1_p025,tiny,2.0,1,96.41,54.35,1.965,0.9282,0.0233,0.006,0.292,0.138,78.4
tiny_v7,tiny_l2_2.0_seed2_p025,tiny,2.0,2,94.06,55.05,1.969,0.9262,0.0233,0.004,0.218,0.044,95.9
tiny_v7,tiny_l2_2.0_seed3_p025,tiny,2.0,3,97.07,54.81,1.968,0.9278,0.0233,0.003,0.236,0.094,38.7
tiny_v7,tiny_l2_2.5_seed1_p025,tiny,2.5,1,94.58,54.89,2.441,0.9044,0.0296,0.005,0.226,0.14,92.3
tiny_v7,tiny_l2_2.5_seed2_p025,tiny,2.5,2,93.89,54.25,2.453,0.8988,0.0301,0.014,0.27,0.018,55.5
tiny_v7,tiny_l2_2.5_seed3_p025,tiny,2.5,3,96.0,54.37,2.449,0.9017,0.0297,0.003,0.247,0.202,87.7
